<?xml version="1.0" standalone="yes"?>
<NewDataSet>
  <xs:schema id="NewDataSet" xmlns="" xmlns:xs="http://www.w3.org/2001/XMLSchema" xmlns:msdata="urn:schemas-microsoft-com:xml-msdata">
    <xs:element name="NewDataSet" msdata:IsDataSet="true" msdata:MainDataTable="Customers" msdata:UseCurrentLocale="true">
      <xs:complexType>
        <xs:choice minOccurs="0" maxOccurs="unbounded">
          <xs:element name="Customers">
            <xs:complexType>
              <xs:sequence>
                <xs:element name="CustomerID" type="xs:long" minOccurs="0" />
                <xs:element name="CustomerContactNumber" type="xs:string" minOccurs="0" />
                <xs:element name="CustomerName" type="xs:string" minOccurs="0" />
                <xs:element name="Photo" type="xs:string" minOccurs="0" />
                <xs:element name="ShippingAddress" type="xs:string" minOccurs="0" />
              </xs:sequence>
            </xs:complexType>
          </xs:element>
        </xs:choice>
      </xs:complexType>
      <xs:unique name="Constraint1">
        <xs:selector xpath=".//Customers" />
        <xs:field xpath="CustomerID" />
      </xs:unique>
    </xs:element>
  </xs:schema>
  <Customers>
    <CustomerID>1</CustomerID>
    <CustomerContactNumber>+923455808105</CustomerContactNumber>
    <CustomerName>Usman Aziz</CustomerName>
    <Photo>C:\Users\Public\Pictures\Sample Pictures\Desert.jpg</Photo>
    <ShippingAddress>Lane 8, Islamabad, Pakistan</ShippingAddress>
  </Customers>
  <Customers>
    <CustomerID>2</CustomerID>
    <CustomerContactNumber>+923129402088</CustomerContactNumber>
    <CustomerName>Atir Tahir</CustomerName>
    <Photo>C:\Users\Public\Pictures\Sample Pictures\Desert.jpg</Photo>
    <ShippingAddress>Park Road, Shahzad Town, Islamabad, Pakistan</ShippingAddress>
  </Customers>
  <Customers>
    <CustomerID>3</CustomerID>
    <CustomerContactNumber>111888555</CustomerContactNumber>
    <CustomerName>Dawood Khan</CustomerName>
    <Photo>C:\Users\Public\Pictures\Sample Pictures\Desert.jpg</Photo>
    <ShippingAddress>Berlin, Germany</ShippingAddress>
  </Customers>
</NewDataSet>