<?xml version="1.0" standalone="yes"?>
<NewDataSet>
  <xs:schema id="NewDataSet" xmlns="" xmlns:xs="http://www.w3.org/2001/XMLSchema" xmlns:msdata="urn:schemas-microsoft-com:xml-msdata">
    <xs:element name="NewDataSet" msdata:IsDataSet="true" msdata:MainDataTable="Orders" msdata:UseCurrentLocale="true">
      <xs:complexType>
        <xs:choice minOccurs="0" maxOccurs="unbounded">
          <xs:element name="Orders">
            <xs:complexType>
              <xs:sequence>
                <xs:element name="CustomerID" type="xs:long" minOccurs="0" />
                <xs:element name="OrderDate" type="xs:dateTime" minOccurs="0" />
                <xs:element name="OrderID" type="xs:long" minOccurs="0" />
                <xs:element name="OrderNumber" type="xs:string" minOccurs="0" />
                <xs:element name="ShippingDate" type="xs:dateTime" minOccurs="0" />
              </xs:sequence>
            </xs:complexType>
          </xs:element>
        </xs:choice>
      </xs:complexType>
      <xs:unique name="Constraint1">
        <xs:selector xpath=".//Orders" />
        <xs:field xpath="OrderID" />
      </xs:unique>
    </xs:element>
  </xs:schema>
  <Orders>
    <CustomerID>1</CustomerID>
    <OrderDate>2015-11-16T00:00:00+05:00</OrderDate>
    <OrderID>1</OrderID>
    <OrderNumber>001</OrderNumber>
    <ShippingDate>2015-11-20T00:00:00+05:00</ShippingDate>
  </Orders>
  <Orders>
    <CustomerID>1</CustomerID>
    <OrderDate>2015-11-15T00:00:00+05:00</OrderDate>
    <OrderID>2</OrderID>
    <OrderNumber>002</OrderNumber>
    <ShippingDate>2015-11-20T00:00:00+05:00</ShippingDate>
  </Orders>
  <Orders>
    <CustomerID>2</CustomerID>
    <OrderDate>2015-11-01T00:00:00+05:00</OrderDate>
    <OrderID>3</OrderID>
    <OrderNumber>003</OrderNumber>
    <ShippingDate>2015-11-25T00:00:00+05:00</ShippingDate>
  </Orders>
</NewDataSet>